/*  TABLE CREATED BY SPRING JPA
create table favorite_movies
(  
   	movie_id integer not null,
	name varchar(255) not null,
	reviews decimal,
	rating varchar(4) not null,
	isReleased boolean,
	primary key(movie_id)
);

NOTE: You cannot use '' around strings, use ''
*/
INSERT INTO DIRECTOR (ID, NAME)
VALUES (101, 'George Lucas');
INSERT INTO DIRECTOR (ID, NAME)
VALUES (102, 'Steven Spielberg');
INSERT INTO DIRECTOR (ID, NAME)
VALUES (103, 'Michael Ritchie');
INSERT INTO DIRECTOR (ID, NAME)
VALUES (104, 'Mel Brooks');

INSERT INTO FAVORITE_MOVIES (MOVIE_ID, NAME, REVIEWS, RATING, IS_RELEASED, CREATED_DATE, LAST_UPDATED_DATE, DIRECTOR_ID ) 
VALUES(201,  'Star Wars', 4.79, 'PG', true, sysdate(), sysdate(), 101);
INSERT INTO FAVORITE_MOVIES (MOVIE_ID, NAME, REVIEWS, RATING, IS_RELEASED, CREATED_DATE, LAST_UPDATED_DATE, DIRECTOR_ID  ) 
VALUES(202,  'Raider of the Lost Ark', 4.12, 'PG-13', true, sysdate(), sysdate(), 102);
INSERT INTO FAVORITE_MOVIES (MOVIE_ID, NAME, REVIEWS, RATING, IS_RELEASED, CREATED_DATE, LAST_UPDATED_DATE, DIRECTOR_ID  )  
VALUES(203,  'Fletch', 3.88, 'PG', true, sysdate(), sysdate(), 103);
INSERT INTO FAVORITE_MOVIES (MOVIE_ID, NAME, REVIEWS, RATING, IS_RELEASED, CREATED_DATE, LAST_UPDATED_DATE, DIRECTOR_ID  ) 
VALUES(204,  'Spaceballs', 2.9, 'PG', true, sysdate(), sysdate(), 104 );

INSERT INTO STAR (ID, ISALIST, NAME, SALARY, MOVIE_MOVIE_ID)
VALUES (1001, true, 'Mark Hamill', 12000.00, 201);
INSERT INTO STAR (ID, ISALIST, NAME, SALARY, MOVIE_MOVIE_ID)
VALUES (1002, true, 'Carrie Fisher', 10000.00, 201);
INSERT INTO STAR (ID, ISALIST, NAME, SALARY, MOVIE_MOVIE_ID)
VALUES (1003, true, 'Harrison Ford', 11000.00, 201);
INSERT INTO STAR (ID, ISALIST, NAME, SALARY, MOVIE_MOVIE_ID)
VALUES (1004, true, 'Harrison Ford', 12000.00, 202);
INSERT INTO STAR (ID, ISALIST, NAME, SALARY, MOVIE_MOVIE_ID)
VALUES (1005, true, 'Chevy Chase', 16000.00, 203);
INSERT INTO STAR (ID, ISALIST, NAME, SALARY, MOVIE_MOVIE_ID)
VALUES (1006, false, 'George Wendt', 2000.00, 203);
INSERT INTO STAR (ID, ISALIST, NAME, SALARY, MOVIE_MOVIE_ID)
VALUES (1007, false, 'John Candy', 2500.00, 204);
INSERT INTO STAR (ID, ISALIST, NAME, SALARY, MOVIE_MOVIE_ID)
VALUES (1008, true, 'Mel Brooks', 12500.00, 204);
INSERT INTO STAR (ID, ISALIST, NAME, SALARY, MOVIE_MOVIE_ID)
VALUES (1009, false, 'J0hn Patterson', 500.00, 204);
